{
    "name": "commoncocosc",
    "title": "",
    "description": "cocosc common",
    "docslink": "http://dev.umeng.com/sdk_integate/android_sdk/android_common_guide",
    "show": 0,
    "required": 1,
    "display_platform": "Cocos2dx C++",
    "packages": [
        {
            "required": 1,
            "docslink": "",
            "key": "cocosccommon",
            "description": "",
            "title": "",
            "destination": "",
            "files": [
                "UMCocos/common_cc/*",
                "UMCocos/common_java/*"
            ]
        }
    ]
}
