{
    "name": "sharecocosc",
    "description": "社会化分享Cocos2dx-c++版本桥接文件，平台库请点选Android或iOS下载",
    "chooseDescription":"",
    "title": "Social SDK 5.0.0测试版",
    "docslink": "http://dev.umeng.com/sdk_integate/%E4%B8%89%E6%96%B9%E6%A1%86%E6%9E%B6%E7%BB%84%E4%BB%B6%E5%8C%96/cocos2dxcpp#4",
    "notice": "社会化分享Cocos2dx-c++版本桥接文件，平台库请点选Android或iOS下载",
    "show": 1,
    "required": 0,
    "display_platform": "Cocos2dx C++",
    "packages": [
          {
            "required": 1,
            "docslink": "",
            "key": "cocoscshare",
            "description": "",
            "title": "",
            "destination": "",
            "files": [
                "UMCocos/share_cc/*",
                "UMCocos/share_java/*"
            ]
        }
       ]
}
